{
  "timestamp": "20260707_154303",
  "dataset": "California Housing",
  "train_shape": [
    16512,
    16
  ],
  "test_shape": [
    4128,
    16
  ],
  "models": {
    "Linear": {
      "metrics": {
        "RMSE": 67355.44751694736,
        "MAE": 49384.56803379956,
        "R2": 0.6519063880640419,
        "MAPE": 28.77724439846056
      },
      "train_time_s": 0.01
    },
    "MLP": {
      "metrics": {
        "RMSE": 58159.26256455292,
        "MAE": 40793.08824853064,
        "R2": 0.7404695117122171,
        "MAPE": 23.053339265317835
      },
      "train_time_s": 1.97
    },
    "HGB": {
      "metrics": {
        "RMSE": 51648.8103217642,
        "MAE": 36344.303432218665,
        "R2": 0.7953219615217875,
        "MAPE": 21.38312525619593
      },
      "train_time_s": 0.49
    }
  }
}