{
  "timestamp": "20260707_161009",
  "dataset": "California Housing",
  "skewed_features": [
    "total_rooms",
    "total_bedrooms",
    "population",
    "households"
  ],
  "train_shape": [
    16512,
    16
  ],
  "test_shape": [
    4128,
    16
  ],
  "models": {
    "Linear": {
      "original": {
        "metrics": {
          "RMSE": 67355.44751694736,
          "MAE": 49384.56803379956,
          "R2": 0.6519063880640419,
          "MAPE": 28.77724439846056
        },
        "train_time_s": 0.02
      },
      "log": {
        "metrics": {
          "RMSE": 66910.8320120145,
          "MAE": 48584.990840879,
          "R2": 0.6564867749226715,
          "MAPE": 28.46613593067816
        },
        "train_time_s": 0.02
      }
    },
    "MLP": {
      "original": {
        "metrics": {
          "RMSE": 57361.80075996154,
          "MAE": 40941.49941423229,
          "R2": 0.7475379206981587,
          "MAPE": 23.751884335618133
        },
        "train_time_s": 1.98
      },
      "log": {
        "metrics": {
          "RMSE": 56161.61335692244,
          "MAE": 39189.24159254596,
          "R2": 0.7579919836082953,
          "MAPE": 22.348537307502003
        },
        "train_time_s": 1.98
      }
    },
    "HGB": {
      "original": {
        "metrics": {
          "RMSE": 51648.8103217642,
          "MAE": 36344.303432218665,
          "R2": 0.7953219615217875,
          "MAPE": 21.38312525619593
        },
        "train_time_s": 0.49
      },
      "log": {
        "metrics": {
          "RMSE": 51766.95945725782,
          "MAE": 36571.679609921695,
          "R2": 0.794384468770129,
          "MAPE": 21.509418380582055
        },
        "train_time_s": 0.47
      }
    }
  }
}