{
  "timestamp": "20260707_155707",
  "dataset": "California Housing",
  "train_shape": [
    16512,
    16
  ],
  "test_shape": [
    4128,
    16
  ],
  "models": {
    "Linear": {
      "metrics": {
        "RMSE": 67355.44751694736,
        "MAE": 49384.56803379956,
        "R2": 0.6519063880640419,
        "MAPE": 28.77724439846056
      },
      "train_time_s": 0.01
    },
    "MLP": {
      "metrics": {
        "RMSE": 57507.798983677676,
        "MAE": 41792.57165343772,
        "R2": 0.7462511437232869,
        "MAPE": 25.577442456362448
      },
      "train_time_s": 1.99
    },
    "HGB": {
      "metrics": {
        "RMSE": 51648.8103217642,
        "MAE": 36344.303432218665,
        "R2": 0.7953219615217875,
        "MAPE": 21.38312525619593
      },
      "train_time_s": 0.48
    }
  }
}